address,city,state,zip
120 S Jordan Creek Pkwy,West Des Moines,IA,50266
440 S 68th St,West Des Moines,IA,50266
9350 University Ave,West Des Moines,IA,50266
1250 Jordan Creek Pkwy,West Des Moines,IA,50266
63 NE Carefree Ln,Waukee,IA,50263
6326 Mills Civic Pkwy,West Des Moines,IA,50266
3916 NW Urbandale Dr,Urbandale,IA,50322
3651 86th St,Urbandale,IA,50322
4900 86th St,Urbandale,IA,50322
3855 121st St,Urbandale,IA,50323
11151 Hickman Rd,Urbandale,IA,50322
2675 100th St,Urbandale,IA,50322
3815 100th St,Urbandale,IA,50322
3924 NW Urbandale Dr,Urbandale,IA,50322
3265 100th St,Urbandale,IA,50322
4810 NW 86th St,Urbandale,IA,50322
4022-4098 NW 86th St,Urbandale,IA,50322
8744 Northpark Dr,Johnston,IA,50131
3070 100th St,Urbandale,IA,50322
3701 NW 86th St,Urbandale,IA,50322
"4531 86th St, Urbandale",Urbandale,IA,50322
8660 Plum Dr,Urbandale,IA,50322
1975 NW 86th St,Urbandale,IA,50322
5990 University Ave,West Des Moines,IA,50266
